Dst Port,Protocol,Flow Duration,Tot Fwd Pkts,Tot Bwd Pkts,TotLen Fwd Pkts,TotLen Bwd Pkts,Fwd Pkt Len Max,Fwd Pkt Len Min,Fwd Pkt Len Mean,Fwd Pkt Len Std,Bwd Pkt Len Max,Bwd Pkt Len Min,Bwd Pkt Len Mean,Bwd Pkt Len Std,Flow Byts/s,Flow Pkts/s,Flow IAT Mean,Flow IAT Std,Flow IAT Max,Flow IAT Min,Fwd IAT Tot,Fwd IAT Mean,Fwd IAT Std,Fwd IAT Max,Fwd IAT Min,Bwd IAT Tot,Bwd IAT Mean,Bwd IAT Std,Bwd IAT Max,Bwd IAT Min,Fwd PSH Flags,Fwd Header Len,Bwd Header Len,Fwd Pkts/s,Bwd Pkts/s,Pkt Len Min,Pkt Len Max,Pkt Len Mean,Pkt Len Std,Pkt Len Var,FIN Flag Cnt,SYN Flag Cnt,RST Flag Cnt,PSH Flag Cnt,ACK Flag Cnt,URG Flag Cnt,ECE Flag Cnt,Down/Up Ratio,Pkt Size Avg,Fwd Seg Size Avg,Bwd Seg Size Avg,Subflow Fwd Pkts,Subflow Fwd Byts,Subflow Bwd Pkts,Subflow Bwd Byts,Init Fwd Win Byts,Init Bwd Win Byts,Fwd Act Data Pkts,Fwd Seg Size Min,Active Mean,Active Std,Active Max,Active Min,Idle Mean,Idle Std,Idle Max,Idle Min,Label
80,6,56,2,0,0,0,0,0,0.0,0.0,0,0,0.0,0.0,0.0,35714.2857142857,56.0,0.0,56,56,56,56.0,0.0,56,56,0,0.0,0.0,0,0,0,40,0,35714.2857142857,0.0,0,0,0.0,0.0,0.0,0,0,0,0,1,0,0,0,0.0,0.0,0.0,2,0,0,0,2052,-1,0,20,0.0,0.0,0,0,0.0,0.0,0,0,SQL Injection
80,6,951,2,0,0,0,0,0,0.0,0.0,0,0,0.0,0.0,0.0,2103.0494216614,951.0,0.0,951,951,951,951.0,0.0,951,951,0,0.0,0.0,0,0,0,40,0,2103.0494216614,0.0,0,0,0.0,0.0,0.0,0,0,0,0,1,0,0,0,0.0,0.0,0.0,2,0,0,0,2053,-1,0,20,0.0,0.0,0,0,0.0,0.0,0,0,Brute Force -XSS
443,6,322,3,0,46,0,46,0,15.33333333,26.55811238,0,0,0.0,0.0,142857.1429,9316.770186,161.0,50.91168825,197,125,322,161.0,50.91168825,197,125,0,0.0,0.0,0,0,0,60,0,9316.770186,0.0,0,46,11.5,23.0,529.0,0,0,0,0,1,0,0,0,15.33333333,15.33333333,0.0,3,46,0,0,254,-1,1,20,0.0,0.0,0,0,0.0,0.0,0,0,Benign
22,6,405494,22,22,1960,2665,640,0,89.0909090909,137.9533769037,976,0,121.1363636364,258.6415602914,11405.8407769289,108.5096203643,9430.0930232558,25248.1560437626,136458,3,405433,19306.3333333333,34466.6670151515,136458,277,405486,19308.8571428571,44721.3636479096,175656,12,0,712,712,54.2548101821,54.2548101821,0,976,102.7777777778,203.7465994015,41512.6767676768,0,0,0,1,0,0,0,1,105.1136363636,89.0909090909,121.1363636364,22,1960,22,2665,26883,230,16,32,0.0,0.0,0,0,0.0,0.0,0,0,SSH-Bruteforce
80,6,103075656,2,2,16,0,8,8,8.0,0.0,0,0,0.0,0.0,0.1552257887,0.0388064472,34358552.0,59510754.2743957,103075652,2,103075654,103075654.0,0.0,103075654,103075654,103075654,103075654.0,0.0,103075654,103075654,1,64,64,0.0194032236,0.0194032236,0,8,4.8,4.38178046,19.2,0,1,0,0,1,0,0,1,6.0,8.0,0.0,2,16,2,0,211,219,1,32,2.0,0.0,2,2,103075652.0,0.0,103075652,103075652,DoS attacks-Slowloris
53,17,18543,1,1,32,48,32,32,32.0,0.0,48,48,48.0,0.0,4314.2965,107.8574125,18543.0,0.0,18543,18543,0,0.0,0.0,0,0,0,0.0,0.0,0,0,0,8,8,53.92870625,53.92870625,32,48,37.33333333,9.237604307,85.33333333,0,0,0,0,0,0,0,1,56.0,32.0,48.0,1,32,1,48,-1,-1,0,8,0.0,0.0,0,0,0.0,0.0,0,0,Benign
53631,6,22,1,1,0,0,0,0,0.0,0.0,0,0,0.0,0.0,0.0,90909.09091,22.0,0.0,22,22,0,0.0,0.0,0,0,0,0.0,0.0,0,0,0,20,20,45454.54545,45454.54545,0,0,0.0,0.0,0.0,0,0,0,0,1,1,0,1,0.0,0.0,0.0,1,0,1,0,31088,63734,0,20,0.0,0.0,0,0,0.0,0.0,0,0,Infilteration
80,6,103885918,2,1,464,0,464,0,232.0,328.0975464706,0,0,0.0,0.0,4.4664378862,0.0288778312,51942959.0,73458435.6733761,103885917,1,103885917,103885917.0,0.0,103885917,103885917,0,0.0,0.0,0,0,0,64,20,0.0192518874,0.0096259437,0,464,116.0,232.0,53824.0,0,0,0,0,1,0,0,0,154.6666666667,232.0,0.0,2,464,1,0,226,0,1,32,0.0,0.0,0,0,103885917.0,0.0,103885917,103885917,DoS attacks-GoldenEye
80,6,56486858,203,104,56083,189890,680,0,276.2709359606,291.6989844299,1935,0,1825.8653846154,320.3528108981,4354.5172932083,5.4348924842,184597.575163399,363172.568546422,1015096,18,56484582,279626.643564356,416456.92561469,1015096,204,56486833,548415.854368932,442591.342443046,1017708,37,0,4072,2092,3.5937562681,1.8411362161,0,1935,798.6136363636,793.9687040467,630386.303005627,0,0,1,1,0,0,1,0,801.2149837134,276.2709359606,1825.8653846154,203,56083,104,189890,8192,1281,101,20,0.0,0.0,0,0,0.0,0.0,0,0,Brute Force -XSS
59976,6,6536,1,2,0,0,0,0,0.0,0.0,0,0,0.0,0.0,0.0,458.996328,3268.0,1845.548699,4573,1963,0,0.0,0.0,0,0,4573,4573.0,0.0,4573,4573,0,32,64,152.998776,305.997552,0,0,0.0,0.0,0.0,0,0,0,0,1,1,0,2,0.0,0.0,0.0,1,0,2,0,237,225,0,32,0.0,0.0,0,0,0.0,0.0,0,0,Benign
80,6,9788,3,4,161,488,161,0,53.6666666667,92.9533933395,488,0,122.0,244.0,66305.6804250102,715.1614221496,1631.3333333333,3531.7265843588,8834,1,618,309.0,176.7766952966,434,184,9408,3136.0,4942.8937880557,8834,1,0,72,92,306.4977523498,408.6636697998,0,488,81.125,173.7875858627,30202.125,0,0,0,1,0,0,0,1,92.7142857143,53.6666666667,122.0,3,161,4,488,8192,149,1,20,0.0,0.0,0,0,0.0,0.0,0,0,Benign
0,0,112639953,3,0,0,0,0,0,0.0,0.0,0,0,0.0,0.0,0.0,0.0266335338,56319976.5,74.2462120246,56320029,56319924,112639953,56319976.5,74.2462120246,56320029,56319924,0,0.0,0.0,0,0,0,0,0,0.0266335338,0.0,0,0,0.0,0.0,0.0,0,0,0,0,0,0,0,0,0.0,0.0,0.0,3,0,0,0,-1,-1,0,0,0.0,0.0,0,0,56319976.5,74.2462120246,56320029,56319924,Benign
80,6,5007459,4,4,510,388,510,0,127.5,255.0,388,0,97.0,194.0,179.3324718185,1.5976166754,715351.285714286,1867826.28263335,4950939,16,56520,18840.0,32205.3703440901,56027,70,5007436,1669145.33333333,2889090.84056998,5005180,486,0,92,92,0.7988083377,0.7988083377,0,510,99.7777777778,200.3258456726,40130.4444444444,0,0,1,1,0,0,1,1,112.25,127.5,97.0,4,510,4,388,8192,219,1,20,0.0,0.0,0,0,0.0,0.0,0,0,SQL Injection
80,6,6587170,4,4,97,232,97,0,24.25,48.5,232,0,58.0,116.0,49.9455760213,1.2144820917,941024.285714286,2462651.97697237,6525559,41,61611,20537.0,35300.0824786572,61298,118,6587016,2195672.0,3802435.22374228,6586346,328,0,92,92,0.6072410459,0.6072410459,0,232,36.5555555556,80.0048609634,6400.7777777778,0,0,0,1,0,0,0,1,41.125,24.25,58.0,4,97,4,232,8192,141,1,20,0.0,0.0,0,0,0.0,0.0,0,0,Benign
80,6,45695,3,0,0,0,0,0,0.0,0.0,0,0,0.0,0.0,0.0,65.65269723,22847.5,27130.98009,42032,3663,45695,22847.5,27130.98009,42032,3663,0,0.0,0.0,0,0,0,96,0,65.65269723,0.0,0,0,0.0,0.0,0.0,0,0,0,0,1,0,0,0,0.0,0.0,0.0,3,0,0,0,225,-1,0,32,0.0,0.0,0,0,0.0,0.0,0,0,DoS attacks-Hulk
53,17,908,1,1,38,66,38,38,38.0,0.0,66,66,66.0,0.0,114537.444933921,2202.6431718062,908.0,0.0,908,908,0,0.0,0.0,0,0,0,0.0,0.0,0,0,0,8,8,1101.3215859031,1101.3215859031,38,66,47.3333333333,16.1658075373,261.3333333333,0,0,0,0,0,0,0,1,71.0,38.0,66.0,1,38,1,66,-1,-1,0,8,0.0,0.0,0,0,0.0,0.0,0,0,Benign
80,6,41176,2,0,0,0,0,0,0.0,0.0,0,0,0.0,0.0,0.0,48.57198368,41176.0,0.0,41176,41176,41176,41176.0,0.0,41176,41176,0,0.0,0.0,0,0,0,64,0,48.57198368,0.0,0,0,0.0,0.0,0.0,0,0,0,0,1,0,0,0,0.0,0.0,0.0,2,0,0,0,225,-1,0,32,0.0,0.0,0,0,0.0,0.0,0,0,DoS attacks-Hulk
46288,6,4150408,5,3,935,358,935,0,187.0,418.1447118,358,0,119.3333333,206.6913964,311.535637,1.927521342,592915.4286,1543727.965,4093631,5,4150408,1037602.0,2037401.133,4093637,22,30332,15166.0,21081.68157,30073,259,0,168,104,1.204700839,0.722820503,0,935,143.6666667,319.4972613,102078.5,0,0,0,0,1,0,0,0,161.625,187.0,119.3333333,5,935,3,358,237,211,1,32,0.0,0.0,0,0,0.0,0.0,0,0,Benign
80,6,110,2,0,0,0,0,0,0.0,0.0,0,0,0.0,0.0,0.0,18181.8181818182,110.0,0.0,110,110,110,110.0,0.0,110,110,0,0.0,0.0,0,0,0,40,0,18181.8181818182,0.0,0,0,0.0,0.0,0.0,0,0,0,0,1,0,0,0,0.0,0.0,0.0,2,0,0,0,2047,-1,0,20,0.0,0.0,0,0,0.0,0.0,0,0,Brute Force -Web
21,6,28,1,1,0,0,0,0,0.0,0.0,0,0,0.0,0.0,0.0,71428.5714285714,28.0,0.0,28,28,0,0.0,0.0,0,0,0,0.0,0.0,0,0,0,40,20,35714.2857142857,35714.2857142857,0,0,0.0,0.0,0.0,0,0,0,1,0,0,0,1,0.0,0.0,0.0,1,0,1,0,26883,0,0,40,0.0,0.0,0,0,0.0,0.0,0,0,FTP-BruteForce
80,6,21,2,0,0,0,0,0,0.0,0.0,0,0,0.0,0.0,0.0,95238.0952380952,21.0,0.0,21,21,21,21.0,0.0,21,21,0,0.0,0.0,0,0,0,40,0,95238.0952380952,0.0,0,0,0.0,0.0,0.0,0,0,0,0,1,0,0,0,0.0,0.0,0.0,2,0,0,0,2051,-1,0,20,0.0,0.0,0,0,0.0,0.0,0,0,Brute Force -Web
80,6,11970215,4,4,482,972,482,0,120.5,241.0,972,0,243.0,486.0,121.468160764,0.6683255063,1710030.71428571,2973214.78386049,6962957,6,6967547,2322515.66666667,4019008.89969969,6963267,457,11970208,3990069.33333333,3588213.86430998,6962957,4279,0,136,136,0.3341627531,0.3341627531,0,972,161.5555555556,343.1847574963,117775.777777778,0,0,0,1,0,0,0,1,181.75,120.5,243.0,4,482,4,972,26883,219,1,32,4286.0,0.0,4286,4286,6962957.0,0.0,6962957,6962957,DoS attacks-GoldenEye
80,17,119716141,142642,0,4564544,0,32,32,32.0,0.0,0,0,0.0,0.0,38128.05827,1191.501821,839.2828219,17960.89782,587310,0,120000000,839.2828219,17960.89782,587310,0,0,0.0,0.0,0,0,0,1141136,0,1191.501821,0.0,32,32,32.0,0.0,0.0,0,0,0,0,0,0,0,0,32.00022434,32.0,0.0,142642,4564544,0,0,-1,-1,142641,8,0.0,0.0,0,0,0.0,0.0,0,0,DDOS attack-LOIC-UDP
80,6,5013860,4,4,598,1878,598,0,149.5,299.0,1878,0,469.5,939.0,493.8311001903,1.5955770604,716265.714285714,1891045.25946954,5004751,19,9109,3036.3333333333,2589.6481099434,5571,395,5013834,1671278.0,2887240.47190514,5005176,3531,0,92,92,0.7977885302,0.7977885302,0,1878,275.1111111111,632.7828309231,400414.111111111,0,0,1,1,0,0,1,1,309.5,149.5,469.5,4,598,4,1878,8192,220,1,20,0.0,0.0,0,0,0.0,0.0,0,0,SQL Injection
0,0,112641180,3,0,0,0,0,0,0.0,0.0,0,0,0.0,0.0,0.0,0.0266332437,56320590.0,5.6568542495,56320594,56320586,112641180,56320590.0,5.6568542495,56320594,56320586,0,0.0,0.0,0,0,0,0,0,0.0266332437,0.0,0,0,0.0,0.0,0.0,0,0,0,0,0,0,0,0,0.0,0.0,0.0,3,0,0,0,-1,-1,0,0,0.0,0.0,0,0,56320590.0,5.6568542495,56320594,56320586,Brute Force -Web
58116,6,4460878,5,4,935,592,935,0,187.0,418.1447118,296,0,148.0,170.8956797,342.3092943,2.017540045,557609.75,1446720.954,4132099,7,4460878,1115219.5,2015463.677,4132106,21,292440,97480.0,131096.5247,247137,2944,0,168,136,1.12085558,0.896684464,0,935,152.7,301.1614739,90698.23333,0,0,0,0,1,0,0,0,169.6666667,187.0,148.0,5,935,4,592,219,211,1,32,0.0,0.0,0,0,0.0,0.0,0,0,Benign
60443,6,234,1,1,0,0,0,0,0.0,0.0,0,0,0.0,0.0,0.0,8547.008547,234.0,0.0,234,234,0,0.0,0.0,0,0,0,0.0,0.0,0,0,0,24,20,4273.504274,4273.504274,0,0,0.0,0.0,0.0,0,0,0,1,0,0,0,1,0.0,0.0,0.0,1,0,1,0,1024,0,0,24,0.0,0.0,0,0,0.0,0.0,0,0,Infilteration
80,6,7137868,5,3,405,972,405,0,81.0,181.1215061775,972,0,324.0,561.1844616523,192.9147470925,1.1207828444,1019695.42857143,2619008.76016728,6957098,3,7137868,1784467.0,3449652.0968088,6957378,26,6957368,3478684.0,4919220.25434845,6957098,270,0,168,104,0.7004892778,0.4202935667,0,972,153.0,335.0611884418,112266.0,0,0,0,1,0,0,0,0,172.125,81.0,324.0,5,405,3,972,26883,219,1,32,273.0,0.0,273,273,6957098.0,0.0,6957098,6957098,DoS attacks-GoldenEye
80,17,119684930,139569,0,4466208,0,32,32,32.0,0.0,0,0,0.0,0.0,37316.37726,1166.136789,857.5384759,18441.71971,605377,1,120000000,857.5384759,18441.71971,605377,1,0,0.0,0.0,0,0,0,1116552,0,1166.136789,0.0,32,32,32.0,0.0,0.0,0,0,0,0,0,0,0,0,32.00022928,32.0,0.0,139569,4466208,0,0,-1,-1,139568,8,0.0,0.0,0,0,0.0,0.0,0,0,DDOS attack-LOIC-UDP
54834,6,4465734,5,4,935,650,935,0,187.0,418.1447118,325,0,162.5,187.6388375,354.9248567,2.015346189,558216.75,1462048.621,4172063,6,4465734,1116433.5,2039607.916,4172070,20,237418,79139.33333,118089.9157,214909,292,0,168,136,1.119636772,0.895709418,0,935,158.5,304.4580796,92694.72222,0,0,0,0,1,0,0,0,176.1111111,187.0,162.5,5,935,4,650,219,211,1,32,0.0,0.0,0,0,0.0,0.0,0,0,Benign
80,17,119961579,84781,0,2712992,0,32,32,32.0,0.0,0,0,0.0,0.0,22615.50759,706.7346121,1414.974982,28689.31867,945245,0,120000000,1414.974982,28689.31867,945245,0,0,0.0,0.0,0,0,0,678248,0,706.7346121,0.0,32,32,32.0,0.0,0.0,0,0,0,0,0,0,0,0,32.00037744,32.0,0.0,84781,2712992,0,0,-1,-1,84780,8,0.0,0.0,0,0,0.0,0.0,0,0,DDOS attack-LOIC-UDP
21,6,3,1,1,0,0,0,0,0.0,0.0,0,0,0.0,0.0,0.0,666666.6667,3.0,0.0,3,3,0,0.0,0.0,0,0,0,0.0,0.0,0,0,0,40,20,333333.3333,333333.3333,0,0,0.0,0.0,0.0,0,0,0,1,0,0,0,1,0.0,0.0,0.0,1,0,1,0,26883,0,0,40,0.0,0.0,0,0,0.0,0.0,0,0,DoS attacks-SlowHTTPTest
500,17,89479693,6,0,3000,0,500,500,500.0,0.0,0,0,0.0,0.0,33.5271601792,0.0670543204,17895938.6,15345165.0546155,41990422,4000305,89479693,17895938.6,15345165.0546155,41990422,4000305,0,0.0,0.0,0,0,0,48,0,0.0670543204,0.0,500,500,500.0,0.0,0.0,0,0,0,0,0,0,0,0,583.3333333333,500.0,0.0,6,3000,0,0,-1,-1,5,8,4000305.0,0.0,4000305,4000305,21369847.0,15281094.7555224,41990422,7200434,Brute Force -Web
21,6,2,1,1,0,0,0,0,0.0,0.0,0,0,0.0,0.0,0.0,1000000.0,2.0,0.0,2,2,0,0.0,0.0,0,0,0,0.0,0.0,0,0,0,40,20,500000.0,500000.0,0,0,0.0,0.0,0.0,0,0,0,1,0,0,0,1,0.0,0.0,0.0,1,0,1,0,26883,0,0,40,0.0,0.0,0,0,0.0,0.0,0,0,DoS attacks-SlowHTTPTest
60844,6,5294989,5,4,935,335,935,0,187.0,418.1447118,335,0,83.75,167.5,239.8494123,1.699720245,661873.625,1477982.552,4210860,4,5294989,1323747.25,2612168.829,5241956,89,1056910,352303.3333,587881.7507,1031091,6551,0,168,144,0.944289025,0.75543122,0,935,127.0,302.794393,91684.44444,0,0,0,0,1,0,0,0,141.1111111,187.0,83.75,5,935,4,335,219,211,1,32,0.0,0.0,0,0,0.0,0.0,0,0,Benign
36698,6,4069442,5,3,935,284,935,0,187.0,418.1447118,284,0,94.66666667,163.9674764,299.549668,1.965871488,581348.8571,1494467.86,3970064,6,4069442,1017360.5,1968617.141,3970070,24,44238,22119.0,30771.8729,43878,360,0,168,104,1.22866968,0.737201808,0,935,135.4444444,314.2002193,98721.77778,0,0,0,0,1,0,0,0,152.375,187.0,94.66666667,5,935,3,284,219,211,1,32,0.0,0.0,0,0,0.0,0.0,0,0,Benign
80,17,119812334,114957,0,3678624,0,32,32,32.0,0.0,0,0,0.0,0.0,30703.21625,959.4755078,1042.245155,20304.55708,628680,0,120000000,1042.245155,20304.55708,628680,0,0,0.0,0.0,0,0,0,919656,0,959.4755078,0.0,32,32,32.0,0.0,0.0,0,0,0,0,0,0,0,0,32.00027836,32.0,0.0,114957,3678624,0,0,-1,-1,114956,8,0.0,0.0,0,0,0.0,0.0,0,0,DDOS attack-LOIC-UDP
80,6,872,2,0,0,0,0,0,0.0,0.0,0,0,0.0,0.0,0.0,2293.577982,872.0,0.0,872,872,872,872.0,0.0,872,872,0,0.0,0.0,0,0,0,64,0,2293.577982,0.0,0,0,0.0,0.0,0.0,0,0,0,0,1,0,0,0,0.0,0.0,0.0,2,0,0,0,225,-1,0,32,0.0,0.0,0,0,0.0,0.0,0,0,DoS attacks-Hulk
53,17,832,1,1,45,73,45,45,45.0,0.0,73,73,73.0,0.0,141826.9231,2403.846154,832.0,0.0,832,832,0,0.0,0.0,0,0,0,0.0,0.0,0,0,0,8,8,1201.923077,1201.923077,45,73,54.33333333,16.16580754,261.3333333,0,0,0,0,0,0,0,1,81.5,45.0,73.0,1,45,1,73,-1,-1,0,8,0.0,0.0,0,0,0.0,0.0,0,0,Benign
80,6,1811981,2,0,0,0,0,0,0.0,0.0,0,0,0.0,0.0,0.0,1.1037643331,1811981.0,0.0,1811981,1811981,1811981,1811981.0,0.0,1811981,1811981,0,0.0,0.0,0,0,0,64,0,1.1037643331,0.0,0,0,0.0,0.0,0.0,0,0,0,0,1,0,0,0,0.0,0.0,0.0,2,0,0,0,226,-1,0,32,0.0,0.0,0,0,0.0,0.0,0,0,DoS attacks-GoldenEye
80,6,6305,2,0,0,0,0,0,0.0,0.0,0,0,0.0,0.0,0.0,317.2085646,6305.0,0.0,6305,6305,6305,6305.0,0.0,6305,6305,0,0.0,0.0,0,0,0,64,0,317.2085646,0.0,0,0,0.0,0.0,0.0,0,0,0,0,1,0,0,0,0.0,0.0,0.0,2,0,0,0,225,-1,0,32,0.0,0.0,0,0,0.0,0.0,0,0,DoS attacks-Hulk
54062,6,1493,5,2,935,339,935,0,187.0,418.1447118,339,0,169.5,239.7091988,853315.4722,4688.546551,248.8333333,372.0932231,973,7,1493,373.25,591.4205357,1250,7,973,973.0,0.0,973,973,0,124,40,3348.961822,1339.584729,0,935,159.25,335.1463433,112323.0714,0,0,1,1,0,0,1,0,182.0,187.0,169.5,5,935,2,339,65535,32768,1,20,0.0,0.0,0,0,0.0,0.0,0,0,Benign
500,17,89479777,6,0,3000,0,500,500,500.0,0.0,0,0,0.0,0.0,33.5271287053,0.0670542574,17895955.4,15345249.8397277,41990557,4000280,89479777,17895955.4,15345249.8397277,41990557,4000280,0,0.0,0.0,0,0,0,48,0,0.0670542574,0.0,500,500,500.0,0.0,0.0,0,0,0,0,0,0,0,0,583.3333333333,500.0,0.0,6,3000,0,0,-1,-1,5,8,4000280.0,0.0,4000280,4000280,21369874.25,15281192.4387131,41990557,7200320,Brute Force -Web
443,6,139923,7,7,1526,4796,1141,0,218.0,417.0423639552,1460,0,685.1428571429,652.6225117609,45181.9929532672,100.0550302666,10763.3076923077,12421.6934391989,35226,13,139923,23320.5,21914.5055499776,59821,1050,83505,13917.5,14685.1896651014,32451,28,0,152,152,50.0275151333,50.0275151333,0,1460,421.4666666667,570.2846240089,325224.552380952,0,0,0,1,0,0,0,1,451.5714285714,218.0,685.1428571429,7,1526,7,4796,8192,513,3,20,0.0,0.0,0,0,0.0,0.0,0,0,Benign
80,17,119757981,120595,0,3859040,0,32,32,32.0,0.0,0,0,0.0,0.0,32223.65614,1006.989254,993.0674909,19848.83811,668017,0,120000000,993.0674909,19848.83811,668017,0,0,0.0,0.0,0,0,0,964760,0,1006.989254,0.0,32,32,32.0,0.0,0.0,0,0,0,0,0,0,0,0,32.00026535,32.0,0.0,120595,3859040,0,0,-1,-1,120594,8,0.0,0.0,0,0,0.0,0.0,0,0,DDOS attack-LOIC-UDP
80,6,5004749,5,3,646,364,646,0,129.2,288.899982693,364,0,121.3333333333,210.155497985,201.8083224553,1.598481762,714964.142857143,1863026.51627832,4939593,18,5004749,1251187.25,2459119.40143789,4939593,395,3173,1586.5,696.5001794687,2079,1094,0,112,72,0.9990511013,0.5994306608,0,646,112.2222222222,233.5774913052,54558.4444444445,0,0,1,1,0,0,1,0,126.25,129.2,121.3333333333,5,646,3,364,8192,221,1,20,0.0,0.0,0,0,0.0,0.0,0,0,Brute Force -Web
80,17,119741839,131717,0,4214944,0,32,32,32.0,0.0,0,0,0.0,0.0,35200.26112,1100.00816,909.0910671,17492.06685,554145,0,120000000,909.0910671,17492.06685,554145,0,0,0.0,0.0,0,0,0,1053736,0,1100.00816,0.0,32,32,32.0,0.0,0.0,0,0,0,0,0,0,0,0,32.00024295,32.0,0.0,131717,4214944,0,0,-1,-1,131716,8,0.0,0.0,0,0,0.0,0.0,0,0,DDOS attack-LOIC-UDP
21,6,3,1,1,0,0,0,0,0.0,0.0,0,0,0.0,0.0,0.0,666666.6667,3.0,0.0,3,3,0,0.0,0.0,0,0,0,0.0,0.0,0,0,0,40,20,333333.3333,333333.3333,0,0,0.0,0.0,0.0,0,0,0,1,0,0,0,1,0.0,0.0,0.0,1,0,1,0,26883,0,0,40,0.0,0.0,0,0,0.0,0.0,0,0,DoS attacks-SlowHTTPTest
80,6,123,2,0,0,0,0,0,0.0,0.0,0,0,0.0,0.0,0.0,16260.162601626,123.0,0.0,123,123,123,123.0,0.0,123,123,0,0.0,0.0,0,0,0,40,0,16260.162601626,0.0,0,0,0.0,0.0,0.0,0,0,0,0,1,0,0,0,0.0,0.0,0.0,2,0,0,0,2053,-1,0,20,0.0,0.0,0,0,0.0,0.0,0,0,Brute Force -XSS
49510,6,53,1,1,0,0,0,0,0.0,0.0,0,0,0.0,0.0,0.0,37735.8490566038,53.0,0.0,53,53,0,0.0,0.0,0,0,0,0.0,0.0,0,0,0,20,20,18867.9245283019,18867.9245283019,0,0,0.0,0.0,0.0,0,0,0,0,1,1,0,1,0.0,0.0,0.0,1,0,1,0,513,257,0,20,0.0,0.0,0,0,0.0,0.0,0,0,Benign
49658,6,1721,5,2,935,316,935,0,187.0,418.1447118,316,0,158.0,223.4457429,726902.9634,4067.402673,286.8333333,352.0667077,871,6,1721,430.25,552.7545417,1180,6,871,871.0,0.0,871,871,0,124,40,2905.287623,1162.115049,0,935,156.375,333.4786082,111207.9821,0,0,1,1,0,0,1,0,178.7142857,187.0,158.0,5,935,2,316,65535,32768,1,20,0.0,0.0,0,0,0.0,0.0,0,0,Benign
32782,6,4210293,5,3,935,360,935,0,187.0,418.1447118,360,0,120.0,207.8460969,307.5795438,1.90010529,601470.4286,1555354.26,4128460,7,4210293,1052573.25,2050690.989,4128467,42,35492,17746.0,13169.15669,27058,8434,0,168,104,1.187565806,0.712539484,0,935,143.8888889,319.6656239,102186.1111,0,0,0,0,1,0,0,0,161.875,187.0,120.0,5,935,3,360,237,211,1,32,0.0,0.0,0,0,0.0,0.0,0,0,Benign
22,6,316793,22,22,1928,2665,640,0,87.6363636364,137.7805520365,976,0,121.1363636364,258.6415602914,14498.4264172504,138.89195784,7367.2790697674,19457.8356775259,86404,6,316739,15082.8095238095,26030.0042731826,86404,166,316783,15084.9047619048,34319.163140882,124448,12,0,712,712,69.44597892,69.44597892,0,976,102.0666666667,203.7409674518,41510.3818181818,0,0,0,1,0,0,0,1,104.3863636364,87.6363636364,121.1363636364,22,1928,22,2665,26883,230,16,32,0.0,0.0,0,0,0.0,0.0,0,0,SSH-Bruteforce
62263,6,1260,5,2,935,299,935,0,187.0,418.1447118,299,0,149.5,211.4249276,979365.0794,5555.555556,210.0,250.0983806,601,3,1260,315.0,481.0800349,1023,3,601,601.0,0.0,601,601,0,124,40,3968.253968,1587.301587,0,935,154.25,332.3684487,110468.7857,0,0,1,1,0,0,1,0,176.2857143,187.0,149.5,5,935,2,299,65535,32768,1,20,0.0,0.0,0,0,0.0,0.0,0,0,Benign
54827,6,1177,5,2,935,312,935,0,187.0,418.1447118,312,0,156.0,220.6173157,1059473.237,5947.323704,196.1666667,253.7915812,665,4,1177,294.25,424.9049894,914,4,665,665.0,0.0,665,665,0,124,40,4248.08836,1699.235344,0,935,155.875,333.2079735,111027.5536,0,0,1,1,0,0,1,0,178.1428571,187.0,156.0,5,935,2,312,65535,32768,1,20,0.0,0.0,0,0,0.0,0.0,0,0,Benign
53,17,13066,1,1,48,64,48,48,48.0,0.0,64,64,64.0,0.0,8571.865912,153.0690341,13066.0,0.0,13066,13066,0,0.0,0.0,0,0,0,0.0,0.0,0,0,0,8,8,76.53451707,76.53451707,48,64,53.33333333,9.237604307,85.33333333,0,0,0,0,0,0,0,1,80.0,48.0,64.0,1,48,1,64,-1,-1,0,8,0.0,0.0,0,0,0.0,0.0,0,0,Benign
443,6,483852,9,7,512,4472,194,0,56.8888888889,83.4826994719,1430,0,638.8571428571,695.6206889226,10300.6704529484,33.0679629308,32256.8,56370.3945856587,179996,1,483852,60481.5,66479.0000462015,179996,21,208105,34684.1666666667,53796.0597457348,111891,1,0,192,152,18.6007291486,14.4672337822,0,1430,293.1764705882,523.4494048251,273999.279411765,0,0,0,1,0,0,0,0,311.5,56.8888888889,638.8571428571,9,512,7,4472,8192,172,4,20,0.0,0.0,0,0,0.0,0.0,0,0,Benign
21,6,3,1,1,0,0,0,0,0.0,0.0,0,0,0.0,0.0,0.0,666666.6667,3.0,0.0,3,3,0,0.0,0.0,0,0,0,0.0,0.0,0,0,0,40,20,333333.3333,333333.3333,0,0,0.0,0.0,0.0,0,0,0,1,0,0,0,1,0.0,0.0,0.0,1,0,1,0,26883,0,0,40,0.0,0.0,0,0,0.0,0.0,0,0,DoS attacks-SlowHTTPTest
443,6,84751629,9,6,896,1007,288,0,99.55555556,141.7101894,325,0,167.8333333,172.5635149,22.4538457,0.176987749,6053687.786,12300000.0,40400000,459,84800000,10600000.0,15100000.0,40400000,65367,80900000,16200000.0,17200000.0,40500000,459,1,180,120,0.106192649,0.070795099,0,325,120.9375,149.3909719,22317.6625,0,1,0,0,1,0,0,0,129.0,99.55555556,167.8333333,9,896,6,1007,148,167,3,20,1334315.667,2095413.04,3752850,63611,26900000.0,12600000.0,40400000,15600000,Infilteration
60442,6,4517055,5,3,935,352,935,0,187.0,418.1447118,352,0,117.3333333,203.2272948,284.9201526,1.77106544,645293.5714,1647186.969,4380028,6,4517055,1129263.75,2167435.612,4380035,34,78207,39103.5,54931.5903,77946,261,0,168,104,1.1069159,0.66414954,0,935,143.0,319.0,101761.0,0,0,0,0,1,0,0,0,160.875,187.0,117.3333333,5,935,3,352,237,211,1,32,0.0,0.0,0,0,0.0,0.0,0,0,Benign
59402,6,4176876,5,3,935,326,935,0,187.0,418.1447118,326,0,108.6666667,188.2161878,301.9002719,1.915307038,596696.5714,1539554.764,4087453,4,4176876,1044219.0,2029139.038,4087458,26,79915,39957.5,56087.00278,79617,298,0,168,104,1.197066899,0.718240139,0,935,140.1111111,316.9820359,100477.6111,0,0,0,0,1,0,0,0,157.625,187.0,108.6666667,5,935,3,326,237,211,1,32,0.0,0.0,0,0,0.0,0.0,0,0,Benign
80,6,15047,2,0,0,0,0,0,0.0,0.0,0,0,0.0,0.0,0.0,132.9168605,15047.0,0.0,15047,15047,15047,15047.0,0.0,15047,15047,0,0.0,0.0,0,0,0,40,0,132.9168605,0.0,0,0,0.0,0.0,0.0,0,0,0,0,1,0,0,0,0.0,0.0,0.0,2,0,0,0,32738,-1,0,20,0.0,0.0,0,0,0.0,0.0,0,0,DDOS attack-HOIC
80,6,11813611,4,4,365,972,365,0,91.25,182.5,972,0,243.0,486.0,113.1745407903,0.677184986,1687658.71428571,2928188.11910862,6807753,3,6809857,2269952.33333333,3930116.57598427,6808060,262,11813608,3937869.33333333,3526020.84096511,6807753,1798,0,136,136,0.338592493,0.338592493,0,972,148.5555555556,331.5475497991,109923.777777778,0,0,0,1,0,0,0,1,167.125,91.25,243.0,4,365,4,972,26883,219,1,32,1801.0,0.0,1801,1801,6807753.0,0.0,6807753,6807753,DoS attacks-GoldenEye
54189,6,6726,5,2,935,261,935,0,187.0,418.1447118,261,0,130.5,184.5548699,177817.4249,1040.737437,1121.0,2498.189825,6215,4,6726,1681.5,3217.420758,6506,4,6215,6215.0,0.0,6215,6215,0,124,40,743.3838834,297.3535534,0,935,149.5,330.2691543,109077.7143,0,0,1,1,0,0,1,0,170.8571429,187.0,130.5,5,935,2,261,65535,32768,1,20,0.0,0.0,0,0,0.0,0.0,0,0,Benign
80,6,3046438,3,0,0,0,0,0,0.0,0.0,0,0,0.0,0.0,0.0,0.984756624,1523219.0,696897.573479776,2016000,1030438,3046438,1523219.0,696897.573479776,2016000,1030438,0,0.0,0.0,0,0,0,120,0,0.984756624,0.0,0,0,0.0,0.0,0.0,0,0,0,1,0,0,0,0,0.0,0.0,0.0,3,0,0,0,26883,-1,0,40,0.0,0.0,0,0,0.0,0.0,0,0,DoS attacks-Slowloris
3389,6,1665832,8,7,1128,1581,661,0,141.0,222.62332056,1173,0,225.8571428571,430.0986044197,1626.2144081756,9.0045094583,118988.0,245595.052489318,953192,2,1665832,237976.0,390017.819583072,1117582,2,1557577,259596.166666667,340490.362011271,953192,108609,0,172,152,4.8024050444,4.2021044139,0,1173,169.3125,317.7312740352,100953.1625,0,0,1,1,0,0,1,0,180.6,141.0,225.8571428571,8,1128,7,1581,8192,62872,5,20,0.0,0.0,0,0,0.0,0.0,0,0,Benign
49865,6,1345,5,2,935,268,935,0,187.0,418.1447118,268,0,134.0,189.5046174,894423.7918,5204.460967,224.1666667,280.0752875,704,3,1345,336.25,521.0331883,1107,3,704,704.0,0.0,704,704,0,124,40,3717.472119,1486.988848,0,935,150.375,330.6158485,109306.8393,0,0,1,1,0,0,1,0,171.8571429,187.0,134.0,5,935,2,268,65535,32768,1,20,0.0,0.0,0,0,0.0,0.0,0,0,Benign
53984,6,4130269,5,3,935,415,935,0,187.0,418.1447118,415,0,138.3333333,239.6003617,326.8552242,1.936919847,590038.4286,1446839.363,3867966,5,4130269,1032567.25,1891418.531,3867971,86,102861,51430.5,72378.74302,102610,251,0,168,104,1.210574904,0.726344943,0,935,150.0,324.7980142,105493.75,0,0,0,0,1,0,0,0,168.75,187.0,138.3333333,5,935,3,415,237,211,1,32,0.0,0.0,0,0,0.0,0.0,0,0,Benign
10629,6,2,1,1,0,0,0,0,0.0,0.0,0,0,0.0,0.0,0.0,1000000.0,2.0,0.0,2,2,0,0.0,0.0,0,0,0,0.0,0.0,0,0,0,24,20,500000.0,500000.0,0,0,0.0,0.0,0.0,0,0,0,1,0,0,0,1,0.0,0.0,0.0,1,0,1,0,1024,0,0,24,0.0,0.0,0,0,0.0,0.0,0,0,Infilteration
443,6,116767140,17,20,1191,7422,303,0,70.0588235294,105.8137931629,1460,0,371.1,597.2593459426,73.7621902874,0.3168699687,3243531.66666667,13518568.8803098,58405211,2,116767140,7297946.25,19871075.5421243,58405211,57,116688906,6141521.36842105,18372374.7213577,58476767,2,0,352,412,0.1455889045,0.1712810642,0,1460,226.6578947368,460.3858708422,211955.150071124,0,0,1,1,0,0,1,1,232.7837837838,70.0588235294,371.1,17,1191,20,7422,8192,1022,8,20,142555.5,91484.7682431343,207245,77866,58202024.5,287349.103991121,58405211,57998838,Benign
21,6,2,1,1,0,0,0,0,0.0,0.0,0,0,0.0,0.0,0.0,1000000.0,2.0,0.0,2,2,0,0.0,0.0,0,0,0,0.0,0.0,0,0,0,40,20,500000.0,500000.0,0,0,0.0,0.0,0.0,0,0,0,1,0,0,0,1,0.0,0.0,0.0,1,0,1,0,26883,0,0,40,0.0,0.0,0,0,0.0,0.0,0,0,DoS attacks-SlowHTTPTest
80,6,56640268,203,104,56330,190004,680,0,277.4876847291,292.8687801257,1935,0,1826.9615384615,320.4328663033,4349.0966532856,5.4201720938,185098.91503268,363163.228071101,1016050,26,56637984,280386.05940594,416270.205231433,1016050,389,56640242,549905.262135922,441365.974967286,1018530,44,0,4072,2092,3.5840225897,1.8361495041,0,1935,799.7857142857,794.2139905132,630775.86272685,0,0,1,1,0,0,1,0,802.3908794788,277.4876847291,1826.9615384615,203,56330,104,190004,8192,1284,101,20,0.0,0.0,0,0,0.0,0.0,0,0,Brute Force -XSS
80,6,43082,3,0,0,0,0,0,0.0,0.0,0,0,0.0,0.0,0.0,69.6346502,21541.0,28182.44787,41469,1613,43082,21541.0,28182.44787,41469,1613,0,0.0,0.0,0,0,0,96,0,69.6346502,0.0,0,0,0.0,0.0,0.0,0,0,0,0,1,0,0,0,0.0,0.0,0.0,3,0,0,0,225,-1,0,32,0.0,0.0,0,0,0.0,0.0,0,0,DoS attacks-Hulk
80,17,119692223,131959,0,4222688,0,32,32,32.0,0.0,0,0,0.0,0.0,35279.55196,1102.485999,907.0478713,18553.86309,655414,0,120000000,907.0478713,18553.86309,655414,0,0,0.0,0.0,0,0,0,1055672,0,1102.485999,0.0,32,32,32.0,0.0,0.0,0,0,0,0,0,0,0,0,32.0002425,32.0,0.0,131959,4222688,0,0,-1,-1,131958,8,0.0,0.0,0,0,0.0,0.0,0,0,DDOS attack-LOIC-UDP
53,17,787,1,1,34,90,34,34,34.0,0.0,90,90,90.0,0.0,157560.355781449,2541.2960609911,787.0,0.0,787,787,0,0.0,0.0,0,0,0,0.0,0.0,0,0,0,8,8,1270.6480304956,1270.6480304956,34,90,52.6666666667,32.3316150746,1045.3333333333,0,0,0,0,0,0,0,1,79.0,34.0,90.0,1,34,1,90,-1,-1,0,8,0.0,0.0,0,0,0.0,0.0,0,0,Benign
53,17,1779,1,1,31,78,31,31,31.0,0.0,78,78,78.0,0.0,61270.3766160765,1124.227093873,1779.0,0.0,1779,1779,0,0.0,0.0,0,0,0,0.0,0.0,0,0,0,8,8,562.1135469365,562.1135469365,31,78,46.6666666667,27.1354626519,736.3333333333,0,0,0,0,0,0,0,1,70.0,31.0,78.0,1,31,1,78,-1,-1,0,8,0.0,0.0,0,0,0.0,0.0,0,0,Benign
21,6,2,1,1,0,0,0,0,0.0,0.0,0,0,0.0,0.0,0.0,1000000.0,2.0,0.0,2,2,0,0.0,0.0,0,0,0,0.0,0.0,0,0,0,40,20,500000.0,500000.0,0,0,0.0,0.0,0.0,0,0,0,1,0,0,0,1,0.0,0.0,0.0,1,0,1,0,26883,0,0,40,0.0,0.0,0,0,0.0,0.0,0,0,FTP-BruteForce
80,17,71929954,79005,0,2528160,0,32,32,32.0,0.0,0,0,0.0,0.0,35147.527,1098.360219,910.4596476,18543.29589,675832,0,71900000,910.4596476,18543.29589,675832,0,0,0.0,0.0,0,0,0,632040,0,1098.360219,0.0,32,32,32.0,0.0,0.0,0,0,0,0,0,0,0,0,32.00040504,32.0,0.0,79005,2528160,0,0,-1,-1,79004,8,0.0,0.0,0,0,0.0,0.0,0,0,DDOS attack-LOIC-UDP
80,6,56229523,153,104,54995,72495,646,0,359.4444444444,271.4171844443,1068,0,697.0673076923,368.3117417556,2267.3142718995,4.5705527326,219646.57421875,413116.632620399,1094577,11,56227766,369919.513157895,482003.850133602,1094577,278,56229512,545917.59223301,555423.943441006,1157299,49,0,3072,2092,2.7209905373,1.8495621953,0,1068,494.1472868217,355.4601686963,126351.931529575,0,0,1,1,0,0,1,0,496.0700389105,359.4444444444,697.0673076923,153,54995,104,72495,8192,1228,101,20,0.0,0.0,0,0,0.0,0.0,0,0,Brute Force -Web
443,6,3224139,11,12,2008,4435,1078,0,182.5454545,315.1251699,1460,0,369.5833333,539.450808,1998.362974,7.133687474,146551.7727,623813.6409,2938013,1,285963,28596.3,30312.96343,83840,46,3177609,288873.5455,890540.4423,2973007,1,0,232,252,3.411763575,3.7219239,0,1460,268.4583333,440.8536166,194351.9112,0,0,1,1,0,0,1,1,280.1304348,182.5454545,369.5833333,11,2008,12,4435,8192,7856,6,20,0.0,0.0,0,0,0.0,0.0,0,0,Benign
49850,6,4542612,5,3,935,354,935,0,187.0,418.1447118,354,0,118.0,204.3819953,283.7574506,1.761101322,648944.5714,1678694.564,4455637,6,4542612,1135653.0,2213419.525,4455644,1676,49903,24951.5,28188.81183,44884,5019,0,168,104,1.100688326,0.660412996,0,935,143.2222222,319.1644473,101865.9444,0,0,0,0,1,0,0,0,161.125,187.0,118.0,5,935,3,354,219,211,1,32,0.0,0.0,0,0,0.0,0.0,0,0,Benign
80,6,22,2,0,0,0,0,0,0.0,0.0,0,0,0.0,0.0,0.0,90909.0909090909,22.0,0.0,22,22,22,22.0,0.0,22,22,0,0.0,0.0,0,0,0,40,0,90909.0909090909,0.0,0,0,0.0,0.0,0.0,0,0,0,0,1,0,0,0,0.0,0.0,0.0,2,0,0,0,2051,-1,0,20,0.0,0.0,0,0,0.0,0.0,0,0,SQL Injection
80,17,119772866,117521,0,3760672,0,32,32,32.0,0.0,0,0,0.0,0.0,31398.36363,981.1988635,1019.170065,19800.14875,701196,1,120000000,1019.170065,19800.14875,701196,1,0,0.0,0.0,0,0,0,940168,0,981.1988635,0.0,32,32,32.0,0.0,0.0,0,0,0,0,0,0,0,0,32.00027229,32.0,0.0,117521,3760672,0,0,-1,-1,117520,8,0.0,0.0,0,0,0.0,0.0,0,0,DDOS attack-LOIC-UDP
21,6,2,1,1,0,0,0,0,0.0,0.0,0,0,0.0,0.0,0.0,1000000.0,2.0,0.0,2,2,0,0.0,0.0,0,0,0,0.0,0.0,0,0,0,40,20,500000.0,500000.0,0,0,0.0,0.0,0.0,0,0,0,1,0,0,0,1,0.0,0.0,0.0,1,0,1,0,26883,0,0,40,0.0,0.0,0,0,0.0,0.0,0,0,DoS attacks-SlowHTTPTest
80,6,5909932,3,1,0,0,0,0,0.0,0.0,0,0,0.0,0.0,0.0,0.6768267384,1969977.33333333,3402319.35923971,5898632,46,5909932,2954966.0,4162972.38029656,5898632,11300,0,0.0,0.0,0,0,0,72,32,0.5076200538,0.1692066846,0,0,0.0,0.0,0.0,0,0,0,1,0,0,0,0,0.0,0.0,0.0,3,0,1,0,8192,65535,0,20,0.0,0.0,0,0,0.0,0.0,0,0,Benign
443,6,60946604,16,15,948,5069,626,0,59.25,160.766704679,1460,0,337.9333333333,562.8622600686,98.7257632927,0.5086419581,2031553.46666667,4051796.97106327,10003612,9,60946604,4063106.93333333,5024803.83308198,10015394,726,60934639,4352474.21428571,5093179.83916302,10019938,14,0,332,384,0.2625248816,0.2461170765,0,1460,188.03125,419.7100753842,176156.547379032,0,0,0,1,0,0,0,0,194.0967741935,59.25,337.9333333333,16,948,15,5069,8192,115,9,20,44271.6666666667,79477.7880509181,206505,11780,9995101.16666667,20675.2884711837,10003612,9952898,Benign
62637,6,1223,5,2,935,309,935,0,187.0,418.1447118,309,0,154.5,218.4959954,1017170.891,5723.630417,203.8333333,276.4911692,727,9,1223,305.75,464.5825187,992,13,727,727.0,0.0,727,727,0,124,40,4088.307441,1635.322976,0,935,155.5,333.0087944,110894.8571,0,0,1,1,0,0,1,0,177.7142857,187.0,154.5,5,935,2,309,65535,32768,1,20,0.0,0.0,0,0,0.0,0.0,0,0,Benign
21,6,2,1,1,0,0,0,0,0.0,0.0,0,0,0.0,0.0,0.0,1000000.0,2.0,0.0,2,2,0,0.0,0.0,0,0,0,0.0,0.0,0,0,0,40,20,500000.0,500000.0,0,0,0.0,0.0,0.0,0,0,0,1,0,0,0,1,0.0,0.0,0.0,1,0,1,0,26883,0,0,40,0.0,0.0,0,0,0.0,0.0,0,0,DoS attacks-SlowHTTPTest
52885,6,1,2,0,0,0,0,0,0.0,0.0,0,0,0.0,0.0,0.0,2000000.0,1.0,0.0,1,1,1,1.0,0.0,1,1,0,0.0,0.0,0,0,0,40,0,2000000.0,0.0,0,0,0.0,0.0,0.0,0,0,0,0,1,0,0,0,0.0,0.0,0.0,2,0,0,0,49,-1,0,20,0.0,0.0,0,0,0.0,0.0,0,0,Benign
53,17,2127,1,1,35,83,35,35,35.0,0.0,83,83,83.0,0.0,55477.1979313587,940.291490362,2127.0,0.0,2127,2127,0,0.0,0.0,0,0,0,0.0,0.0,0,0,0,8,8,470.145745181,470.145745181,35,83,51.0,27.7128129211,768.0,0,0,0,0,0,0,0,1,76.5,35.0,83.0,1,35,1,83,-1,-1,0,8,0.0,0.0,0,0,0.0,0.0,0,0,Benign
53,17,54103,2,2,100,356,50,50,50.0,0.0,178,178,178.0,0.0,8428.368112674,73.9330536199,18034.3333333333,30781.7182810403,53578,262,53840,53840.0,0.0,53840,53840,53841,53841.0,0.0,53841,53841,0,16,16,36.96652681,36.96652681,50,178,101.2,70.1084873607,4915.2,0,0,0,0,0,0,0,1,126.5,50.0,178.0,2,100,2,356,-1,-1,1,8,0.0,0.0,0,0,0.0,0.0,0,0,Benign
44240,6,4286404,5,3,935,349,935,0,187.0,418.1447118,349,0,116.3333333,201.4952439,299.5517921,1.866366306,612343.4286,1563524.584,4157149,5,4286404,1071601.0,2057440.578,4157154,63,97952,48976.0,68887.75684,97687,265,0,168,104,1.166478941,0.699887365,0,935,142.6666667,318.7557843,101605.25,0,0,0,0,1,0,0,0,160.5,187.0,116.3333333,5,935,3,349,237,211,1,32,0.0,0.0,0,0,0.0,0.0,0,0,Benign
80,6,108060320,14,3,2530,0,230,0,180.7142857143,97.9375221341,0,0,0.0,0.0,23.412849416,0.1573195415,6753770.0,13967804.969005,53270292,2,108060318,8312332.15384615,15161258.5678076,53270292,116,108060315,54030157.5,32571316.1191194,77061556,30998759,0,456,100,0.1295572695,0.027762272,0,230,140.5555555556,115.375204912,13311.4379084967,0,0,0,1,0,0,0,0,148.8235294118,180.7142857143,0.0,14,2530,3,0,26883,0,11,32,5532983.5,1986632.76519957,6937745,4128222,24248587.75,20587457.0316932,53270292,6661608,DoS attacks-Slowloris
43142,6,4096035,5,3,935,324,935,0,187.0,418.1447118,324,0,108.0,187.0614872,307.3704204,1.953108311,585147.8571,1543807.692,4086166,6,4096035,1024008.75,2041450.376,4086177,22,9600,4800.0,6366.789458,9302,298,0,168,104,1.220692694,0.732415617,0,935,139.8888889,316.836095,100385.1111,0,0,0,0,1,0,0,0,157.375,187.0,108.0,5,935,3,324,219,211,1,32,0.0,0.0,0,0,0.0,0.0,0,0,Benign
63279,6,1182,5,2,935,298,935,0,187.0,418.1447118,298,0,149.0,210.7178208,1043147.208,5922.165821,197.0,226.5824353,562,7,1182,295.5,425.9800465,916,7,562,562.0,0.0,562,562,0,124,40,4230.118443,1692.047377,0,935,154.125,332.3064152,110427.5536,0,0,1,1,0,0,1,0,176.1428571,187.0,149.0,5,935,2,298,65535,32768,1,20,0.0,0.0,0,0,0.0,0.0,0,0,Benign
21,6,2,1,1,0,0,0,0,0.0,0.0,0,0,0.0,0.0,0.0,1000000.0,2.0,0.0,2,2,0,0.0,0.0,0,0,0,0.0,0.0,0,0,0,40,20,500000.0,500000.0,0,0,0.0,0.0,0.0,0,0,0,1,0,0,0,1,0.0,0.0,0.0,1,0,1,0,26883,0,0,40,0.0,0.0,0,0,0.0,0.0,0,0,DoS attacks-SlowHTTPTest
80,6,5463,3,4,148,243,148,0,49.3333333333,85.4478398401,243,0,60.75,121.5,71572.3961193483,1281.3472451034,910.5,1723.6449460373,4415,0,4867,2433.5,2802.2641738423,4415,452,5070,1690.0,2692.522051906,4795,0,0,72,92,549.14881933,732.1984257734,0,243,48.875,93.9930658537,8834.6964285714,0,0,0,1,0,0,0,1,55.8571428571,49.3333333333,60.75,3,148,4,243,8192,149,1,20,0.0,0.0,0,0,0.0,0.0,0,0,Benign
51296,6,77,1,1,0,0,0,0,0.0,0.0,0,0,0.0,0.0,0.0,25974.025974026,77.0,0.0,77,77,0,0.0,0.0,0,0,0,0.0,0.0,0,0,0,20,20,12987.012987013,12987.012987013,0,0,0.0,0.0,0.0,0,0,0,0,1,1,0,1,0.0,0.0,0.0,1,0,1,0,513,256,0,20,0.0,0.0,0,0,0.0,0.0,0,0,Benign
80,17,119831240,93342,0,2986944,0,32,32,32.0,0.0,0,0,0.0,0.0,24926.25462,778.945457,1283.800688,27264.66466,927829,1,120000000,1283.800688,27264.66466,927829,1,0,0.0,0.0,0,0,0,746736,0,778.945457,0.0,32,32,32.0,0.0,0.0,0,0,0,0,0,0,0,0,32.00034283,32.0,0.0,93342,2986944,0,0,-1,-1,93341,8,0.0,0.0,0,0,0.0,0.0,0,0,DDOS attack-LOIC-UDP
22,6,310577,22,22,1928,2665,640,0,87.6363636364,137.7805520365,976,0,121.1363636364,258.6415602914,14788.6031483336,141.6717915364,7222.7209302326,17099.1929861444,71246,4,310526,14786.9523809524,23320.910742242,71246,159,310573,14789.1904761905,30447.4738765288,97311,8,0,712,712,70.8358957682,70.8358957682,0,976,102.0666666667,203.7409674518,41510.3818181818,0,0,0,1,0,0,0,1,104.3863636364,87.6363636364,121.1363636364,22,1928,22,2665,26883,230,16,32,0.0,0.0,0,0,0.0,0.0,0,0,SSH-Bruteforce
51182,6,16386,5,2,935,314,935,0,187.0,418.1447118,314,0,157.0,222.0315293,76223.60552,427.1939461,2731.0,6383.377288,15758,6,16386,4096.5,7982.029921,16068,6,15758,15758.0,0.0,15758,15758,0,124,40,305.1385329,122.0554132,0,935,156.125,333.3425683,111117.2679,0,0,1,1,0,0,1,0,178.4285714,187.0,157.0,5,935,2,314,65535,32768,1,20,0.0,0.0,0,0,0.0,0.0,0,0,Benign
0,0,152152,5,0,0,0,0,0,0.0,0.0,0,0,0.0,0.0,0.0,32.86187497,38038.0,67965.80632,139896,338,152152,38038.0,67965.80632,139896,338,0,0.0,0.0,0,0,0,0,0,32.86187497,0.0,0,0,0.0,0.0,0.0,0,0,0,0,0,0,0,0,0.0,0.0,0.0,5,0,0,0,-1,-1,0,0,0.0,0.0,0,0,0.0,0.0,0,0,Infilteration
51424,6,4357329,5,3,935,310,935,0,187.0,418.1447118,310,0,103.3333333,178.9785834,285.7254984,1.835987138,622475.5714,1615689.455,4286396,6,4357329,1089332.25,2131507.532,4286403,30,55302,27651.0,9099.05006,34085,21217,0,168,104,1.147491961,0.688495177,0,935,138.3333333,315.8520223,99762.5,0,0,0,0,1,0,0,0,155.625,187.0,103.3333333,5,935,3,310,219,211,1,32,0.0,0.0,0,0,0.0,0.0,0,0,Benign
49224,6,17240,5,2,935,259,935,0,187.0,418.1447118,259,0,129.5,183.1406563,69257.5406,406.0324826,2873.333333,6765.438779,16681,7,17240,4310.0,8435.366698,16962,7,16681,16681.0,0.0,16681,16681,0,124,40,290.0232019,116.0092807,0,935,149.25,330.1734393,109014.5,0,0,1,1,0,0,1,0,170.5714286,187.0,129.5,5,935,2,259,65535,32768,1,20,0.0,0.0,0,0,0.0,0.0,0,0,Benign
55147,6,11351,5,2,935,308,935,0,187.0,418.1447118,308,0,154.0,217.7888886,109505.7704,616.6857546,1891.833333,4341.44471,10749,5,11351,2837.75,5523.510018,11122,5,10749,10749.0,0.0,10749,10749,0,124,40,440.4898247,176.1959299,0,935,155.375,332.9431258,110851.125,0,0,1,1,0,0,1,0,177.5714286,187.0,154.0,5,935,2,308,65535,32768,1,20,0.0,0.0,0,0,0.0,0.0,0,0,Benign
80,6,62403430,203,104,56330,190003,680,0,277.4876847291,292.8687801257,1936,0,1826.9519230769,320.4298199463,3947.4272487907,4.9196013745,203932.777777778,378601.401243027,1419928,16,62401278,308917.217821783,430017.388742742,1419928,227,62403392,605858.174757282,431349.011995369,1422559,38,0,4072,2092,3.253026316,1.6665750585,0,1936,799.7824675325,794.2093653712,630768.516043403,0,0,1,1,0,0,1,0,802.3876221498,277.4876847291,1826.9519230769,203,56330,104,190003,8192,1284,101,20,0.0,0.0,0,0,0.0,0.0,0,0,Brute Force -XSS
80,6,117278805,2,2,16,0,8,8,8.0,0.0,0,0,0.0,0.0,0.1364270381,0.0341067595,39092935.0,67710945.3068606,117278800,2,117278802,117278802.0,0.0,117278802,117278802,117278803,117278803.0,0.0,117278803,117278803,1,64,64,0.0170533798,0.0170533798,0,8,4.8,4.38178046,19.2,0,1,0,0,1,0,0,1,6.0,8.0,0.0,2,16,2,0,211,219,1,32,2.0,0.0,2,2,117278800.0,0.0,117278800,117278800,DoS attacks-Slowloris
35692,6,3274735,5,3,935,303,935,0,187.0,418.1447118,303,0,101.0,174.9371316,378.0458571,2.442945765,467819.2857,1172220.391,3124686,6,3274735,818683.75,1538065.698,3124692,26,113462,56731.0,71782.652,107489,5973,0,168,104,1.526841103,0.916104662,0,935,137.5555556,315.3847298,99467.52778,0,0,0,0,1,0,0,0,154.75,187.0,101.0,5,935,3,303,219,211,1,32,0.0,0.0,0,0,0.0,0.0,0,0,Benign
80,6,5017356,5,3,566,1866,566,0,113.2,253.122895053,1866,0,622.0,1077.3356023078,484.7174487918,1.5944652921,716765.142857143,1890419.43453928,5003825,19,5017356,1254339.0,2499661.05883444,5003825,451,13120,6560.0,6185.7701218199,10934,2186,0,112,72,0.9965408075,0.5979244845,0,1866,270.2222222222,627.0099237209,393141.444444444,0,0,1,1,0,0,1,0,304.0,113.2,622.0,5,566,3,1866,8192,219,1,20,0.0,0.0,0,0,0.0,0.0,0,0,SQL Injection
53,17,12566,1,1,47,132,47,47,47.0,0.0,132,132,132.0,0.0,14244.7875218845,159.159637116,12566.0,0.0,12566,12566,0,0.0,0.0,0,0,0,0.0,0.0,0,0,0,8,8,79.579818558,79.579818558,47,132,75.3333333333,49.0747728811,2408.3333333333,0,0,0,0,0,0,0,1,113.0,47.0,132.0,1,47,1,132,-1,-1,0,8,0.0,0.0,0,0,0.0,0.0,0,0,Benign
500,17,89479425,6,0,3000,0,500,500,500.0,0.0,0,0,0.0,0.0,33.5272605965,0.0670545212,17895885.0,15345164.1499237,41990302,4000312,89479425,17895885.0,15345164.1499237,41990302,4000312,0,0.0,0.0,0,0,0,48,0,0.0670545212,0.0,500,500,500.0,0.0,0.0,0,0,0,0,0,0,0,0,583.3333333333,500.0,0.0,6,3000,0,0,-1,-1,5,8,4000312.0,0.0,4000312,4000312,21369778.25,15281116.5048511,41990302,7200252,Brute Force -Web
3389,6,1661579,8,7,1128,1581,661,0,141.0,222.6233206,1173,0,225.8571429,430.0986044,1630.376888,9.027557522,118684.2143,245179.2326,951225,6,1661579,237368.4286,387071.201,1110198,6,1553001,258833.5,339769.2138,951225,109069,0,172,152,4.814697345,4.212860177,0,1173,169.3125,317.731274,100953.1625,0,0,1,1,0,0,1,0,180.6,141.0,225.8571429,8,1128,7,1581,8192,62872,5,20,0.0,0.0,0,0,0.0,0.0,0,0,Infilteration
80,6,8,1,1,8,0,8,8,8.0,0.0,0,0,0.0,0.0,1000000.0,250000.0,8.0,0.0,8,8,0,0.0,0.0,0,0,0,0.0,0.0,0,0,1,32,32,125000.0,125000.0,0,8,5.3333333333,4.6188021535,21.3333333333,0,1,0,0,1,0,0,1,8.0,8.0,0.0,1,8,1,0,211,219,0,32,0.0,0.0,0,0,0.0,0.0,0,0,DoS attacks-Slowloris
80,6,49437,3,4,332,935,332,0,110.6666667,191.6802894,935,0,233.75,467.5,25628.57779,141.5943524,8239.5,13049.66511,29670,7,19736,9868.0,13555.237,19453,283,49430,16476.66667,15089.35947,29670,24,0,104,136,60.68329389,80.91105852,0,935,158.375,334.6187329,111969.6964,0,0,0,1,0,0,0,1,181.0,110.6666667,233.75,3,332,4,935,26883,219,1,32,0.0,0.0,0,0,0.0,0.0,0,0,DoS attacks-Hulk
80,6,57487231,203,104,56083,189905,680,0,276.2709359606,291.6989844299,1936,0,1826.0096153846,320.4104314264,4279.0024101178,5.3403163565,187866.767973856,363289.793068336,1020166,18,57485018,284579.297029703,415464.879054442,1020166,237,57487206,558128.213592233,434644.596152626,1022873,35,0,4072,2092,3.5312189589,1.8090973976,0,1936,798.6623376623,794.03972054,630499.077795169,0,0,1,1,0,0,1,0,801.2638436482,276.2709359606,1826.0096153846,203,56083,104,189905,8192,1281,101,20,0.0,0.0,0,0,0.0,0.0,0,0,Brute Force -XSS
443,6,118615434,17,88,885,115470,250,0,52.05882353,82.95817515,1460,0,1312.159091,421.7085633,980.9431714,0.885213639,1140533.019,8135714.593,59000000,0,119000000,7413464.625,20100000.0,59000000,30,118000000,1360571.322,8902487.898,59200000,0,0,352,1772,0.143320303,0.741893336,0,1460,1097.688679,612.7342679,375443.2831,0,0,1,1,0,0,1,5,1108.142857,52.05882353,1312.159091,17,885,88,115470,8192,127,7,20,225235.0,85994.08409,286042,164428,59000000.0,45387.77007,59000000,58900000,Benign
3389,6,1759136,8,7,1128,1581,661,0,141.0,222.62332056,1173,0,225.8571428571,430.0986044197,1539.9605260764,8.5269132119,125652.571428571,245557.147644577,953150,3,1759136,251305.142857143,387347.311608255,1122984,3,1640777,273462.833333333,333414.163668202,953150,120315,0,172,152,4.5476870464,3.9792261656,0,1173,169.3125,317.7312740352,100953.1625,0,0,1,1,0,0,1,0,180.6,141.0,225.8571428571,8,1128,7,1581,8192,62872,5,20,0.0,0.0,0,0,0.0,0.0,0,0,Benign
80,6,7000975,5,3,385,972,385,0,77.0,172.1772342675,972,0,324.0,561.1844616523,193.8301450869,1.1426979814,1000139.28571429,2623535.42195804,6949610,5,7000975,1750243.75,3466545.27392103,6949944,498,6950650,3475325.0,4913380.96654941,6949610,1040,0,168,104,0.7141862383,0.428511743,0,972,150.7777777778,333.2423209084,111050.444444444,0,0,0,1,0,0,0,0,169.625,77.0,324.0,5,385,3,972,26883,219,1,32,1046.0,0.0,1046,1046,6949610.0,0.0,6949610,6949610,DoS attacks-GoldenEye
22,6,7,1,1,0,0,0,0,0.0,0.0,0,0,0.0,0.0,0.0,285714.285714286,7.0,0.0,7,7,0,0.0,0.0,0,0,0,0.0,0.0,0,0,0,32,32,142857.142857143,142857.142857143,0,0,0.0,0.0,0.0,0,0,0,0,1,1,0,1,0.0,0.0,0.0,1,0,1,0,241,230,0,32,0.0,0.0,0,0,0.0,0.0,0,0,SSH-Bruteforce
80,6,5005773,5,3,646,364,646,0,129.2,288.899982693,364,0,121.3333333333,210.155497985,201.7670397759,1.5981547705,715110.428571429,1862155.52814052,4937734,19,5005773,1251443.25,2457726.88566263,4937734,396,3226,1613.0,806.1017305527,2183,1043,0,112,72,0.9988467316,0.5993080389,0,646,112.2222222222,233.5774913052,54558.4444444445,0,0,1,1,0,0,1,0,126.25,129.2,121.3333333333,5,646,3,364,8192,221,1,20,0.0,0.0,0,0,0.0,0.0,0,0,Brute Force -Web
38756,6,5356139,5,3,935,352,935,0,187.0,418.1447118,352,0,117.3333333,203.2272948,240.2850262,1.493613217,765162.7143,1982463.254,5260746,8,5356139,1339034.75,2614578.638,5260754,44,43033,21516.5,13070.86885,30759,12274,0,168,104,0.93350826,0.560104956,0,935,143.0,319.0,101761.0,0,0,0,0,1,0,0,0,160.875,187.0,117.3333333,5,935,3,352,219,211,1,32,0.0,0.0,0,0,5260746.0,0.0,5260746,5260746,Benign
22,6,397014,22,20,1928,2665,640,0,87.6363636364,137.7805520365,976,0,133.25,268.7712537496,11568.8615514818,105.7897202618,9683.2682926829,24896.4394121171,120891,3,396919,18900.9047619048,33566.007489579,120891,278,396991,20894.2631578947,46308.9543115249,164941,11,0,712,648,55.4136629943,50.3760572675,0,976,106.8139534884,207.2870399796,42967.9169435216,0,0,0,1,0,0,0,0,109.3571428571,87.6363636364,133.25,22,1928,20,2665,26883,230,16,32,0.0,0.0,0,0,0.0,0.0,0,0,SSH-Bruteforce
3389,6,1432690,8,7,1138,1581,677,0,142.25,227.7465696778,1173,0,225.8571428571,430.0986044197,1897.8285602608,10.4698155219,102335.0,251497.922140981,968704,72,1432690,204670.0,388043.618564116,1082680,72,1364368,227394.666666667,363584.006674478,968704,70153,0,172,152,5.5839016117,4.8859139102,0,1173,169.9375,319.3627965705,101992.595833333,0,0,0,1,0,0,0,0,181.2666666667,142.25,225.8571428571,8,1138,7,1581,8192,62862,5,20,0.0,0.0,0,0,0.0,0.0,0,0,Benign
80,6,158,2,0,0,0,0,0,0.0,0.0,0,0,0.0,0.0,0.0,12658.2278481013,158.0,0.0,158,158,158,158.0,0.0,158,158,0,0.0,0.0,0,0,0,40,0,12658.2278481013,0.0,0,0,0.0,0.0,0.0,0,0,0,0,1,0,0,0,0.0,0.0,0.0,2,0,0,0,2047,-1,0,20,0.0,0.0,0,0,0.0,0.0,0,0,Brute Force -Web
80,6,90610,3,0,0,0,0,0,0.0,0.0,0,0,0.0,0.0,0.0,33.10892837,45305.0,5156.222648,48951,41659,90610,45305.0,5156.222648,48951,41659,0,0.0,0.0,0,0,0,96,0,33.10892837,0.0,0,0,0.0,0.0,0.0,0,0,0,0,1,0,0,0,0.0,0.0,0.0,3,0,0,0,225,-1,0,32,0.0,0.0,0,0,0.0,0.0,0,0,DoS attacks-Hulk
80,6,197032,5,3,447,662,447,0,89.4,199.9044771885,662,0,220.6666666667,382.2058782035,5628.5273458119,40.6025417191,28147.4285714286,73520.5309077157,194874,7,197032,49258.0,97077.9452192927,194874,330,1871,935.5,809.6372644586,1508,363,0,168,104,25.3765885744,15.2259531447,0,662,123.2222222222,250.3496443865,62674.9444444445,0,0,0,1,0,0,0,0,138.625,89.4,220.6666666667,5,447,3,662,26883,219,1,32,0.0,0.0,0,0,0.0,0.0,0,0,DoS attacks-GoldenEye
21,6,13,1,1,0,0,0,0,0.0,0.0,0,0,0.0,0.0,0.0,153846.153846154,13.0,0.0,13,13,0,0.0,0.0,0,0,0,0.0,0.0,0,0,0,40,20,76923.0769230769,76923.0769230769,0,0,0.0,0.0,0.0,0,0,0,1,0,0,0,1,0.0,0.0,0.0,1,0,1,0,26883,0,0,40,0.0,0.0,0,0,0.0,0.0,0,0,FTP-BruteForce
21,6,2,1,1,0,0,0,0,0.0,0.0,0,0,0.0,0.0,0.0,1000000.0,2.0,0.0,2,2,0,0.0,0.0,0,0,0,0.0,0.0,0,0,0,40,20,500000.0,500000.0,0,0,0.0,0.0,0.0,0,0,0,1,0,0,0,1,0.0,0.0,0.0,1,0,1,0,26883,0,0,40,0.0,0.0,0,0,0.0,0.0,0,0,FTP-BruteForce
80,6,60234189,153,104,54995,72486,646,0,359.4444444444,271.4171844443,1068,0,696.9807692308,368.2234436873,2116.4226183904,4.2666798419,235289.80078125,450412.593624003,1794323,3,60232408,396265.842105263,527699.096296893,1794323,307,60234186,584797.922330097,606674.716354439,1856527,32,0,3072,2092,2.5400856646,1.7265941773,0,1068,494.1124031008,355.4035123308,126311.656577082,0,0,1,1,0,0,1,0,496.0350194553,359.4444444444,696.9807692308,153,54995,104,72486,8192,1228,101,20,0.0,0.0,0,0,0.0,0.0,0,0,Brute Force -Web
80,6,57245410,203,104,56330,189999,680,0,277.4876847291,292.8687801257,1935,0,1826.9134615385,320.4017232835,4303.0349507498,5.3628753816,187076.503267974,362950.344106271,1019169,21,57243208,283382.217821782,415294.233685636,1019169,399,57245386,555780.446601942,435880.000465696,1021765,32,0,4072,2092,3.5461358387,1.816739543,0,1935,799.7694805195,794.1887111403,630735.708902662,0,0,1,1,0,0,1,0,802.3745928339,277.4876847291,1826.9134615385,203,56330,104,189999,8192,1284,101,20,0.0,0.0,0,0,0.0,0.0,0,0,Brute Force -XSS
53,17,908,1,1,32,80,32,32,32.0,0.0,80,80,80.0,0.0,123348.017621145,2202.6431718062,908.0,0.0,908,908,0,0.0,0.0,0,0,0,0.0,0.0,0,0,0,8,8,1101.3215859031,1101.3215859031,32,80,48.0,27.7128129211,768.0,0,0,0,0,0,0,0,1,72.0,32.0,80.0,1,32,1,80,-1,-1,0,8,0.0,0.0,0,0,0.0,0.0,0,0,Benign
80,6,5174,2,0,0,0,0,0,0.0,0.0,0,0,0.0,0.0,0.0,386.5481252,5174.0,0.0,5174,5174,5174,5174.0,0.0,5174,5174,0,0.0,0.0,0,0,0,64,0,386.5481252,0.0,0,0,0.0,0.0,0.0,0,0,0,0,1,0,0,0,0.0,0.0,0.0,2,0,0,0,225,-1,0,32,0.0,0.0,0,0,0.0,0.0,0,0,DoS attacks-Hulk
80,6,2335,2,0,0,0,0,0,0.0,0.0,0,0,0.0,0.0,0.0,856.5310493,2335.0,0.0,2335,2335,2335,2335.0,0.0,2335,2335,0,0.0,0.0,0,0,0,64,0,856.5310493,0.0,0,0,0.0,0.0,0.0,0,0,0,0,1,0,0,0,0.0,0.0,0.0,2,0,0,0,225,-1,0,32,0.0,0.0,0,0,0.0,0.0,0,0,DoS attacks-Hulk
3389,6,14166878,10,9,1148,1581,677,0,114.8,210.0924664,1173,0,175.6666667,385.5612792,192.6324205,1.341156464,787048.7778,1923021.257,7050191,44,14200000,1574097.556,2706241.822,7293490,253,14000000,1749857.375,2661867.993,7050191,151468,0,212,192,0.705871823,0.635284641,0,1173,136.45,292.3279476,85455.62895,0,0,1,1,0,0,1,0,143.6315789,114.8,175.6666667,10,1148,9,1581,8192,62852,5,20,249247.0,0.0,249247,249247,7050191.0,0.0,7050191,7050191,Infilteration
80,6,5007516,4,4,509,388,509,0,127.25,254.5,388,0,97.0,194.0,179.1307306856,1.5975984899,715359.428571429,1868967.64259469,4953559,16,53957,17985.6666666667,30717.1517939625,53454,48,5007480,1669160.0,2889070.35134193,5005171,483,0,92,92,0.798799245,0.798799245,0,509,99.6666666667,200.0699877543,40028.0,0,0,1,1,0,0,1,1,112.125,127.25,97.0,4,509,4,388,8192,219,1,20,0.0,0.0,0,0,0.0,0.0,0,0,SQL Injection
21,6,3,1,1,0,0,0,0,0.0,0.0,0,0,0.0,0.0,0.0,666666.6667,3.0,0.0,3,3,0,0.0,0.0,0,0,0,0.0,0.0,0,0,0,40,20,333333.3333,333333.3333,0,0,0.0,0.0,0.0,0,0,0,1,0,0,0,1,0.0,0.0,0.0,1,0,1,0,26883,0,0,40,0.0,0.0,0,0,0.0,0.0,0,0,DoS attacks-SlowHTTPTest
80,6,126,2,0,0,0,0,0,0.0,0.0,0,0,0.0,0.0,0.0,15873.0158730159,126.0,0.0,126,126,126,126.0,0.0,126,126,0,0.0,0.0,0,0,0,40,0,15873.0158730159,0.0,0,0,0.0,0.0,0.0,0,0,0,0,1,0,0,0,0.0,0.0,0.0,2,0,0,0,2053,-1,0,20,0.0,0.0,0,0,0.0,0.0,0,0,Brute Force -XSS
21,6,1,1,1,0,0,0,0,0.0,0.0,0,0,0.0,0.0,0.0,2000000.0,1.0,0.0,1,1,0,0.0,0.0,0,0,0,0.0,0.0,0,0,0,40,20,1000000.0,1000000.0,0,0,0.0,0.0,0.0,0,0,0,1,0,0,0,1,0.0,0.0,0.0,1,0,1,0,26883,0,0,40,0.0,0.0,0,0,0.0,0.0,0,0,FTP-BruteForce
49636,6,1354,5,2,935,323,935,0,187.0,418.1447118,323,0,161.5,228.3954903,929098.966,5169.867061,225.6666667,287.0781543,734,5,1354,338.5,514.5214605,1095,5,734,734.0,0.0,734,734,0,124,40,3692.762186,1477.104874,0,935,157.25,333.9661018,111533.3571,0,0,1,1,0,0,1,0,179.7142857,187.0,161.5,5,935,2,323,65535,32768,1,20,0.0,0.0,0,0,0.0,0.0,0,0,Benign
45552,6,4544940,5,3,935,400,935,0,187.0,418.1447118,400,0,133.3333333,230.9401077,293.7332506,1.760199255,649277.1429,1673022.557,4443136,8,4544940,1136235.0,2204789.067,4443144,26,69551,34775.5,6261.430547,39203,30348,0,168,104,1.100124534,0.66007472,0,935,148.3333333,323.3032632,104525.0,0,0,0,0,1,0,0,0,166.875,187.0,133.3333333,5,935,3,400,237,211,1,32,0.0,0.0,0,0,0.0,0.0,0,0,Benign
50961,6,1149,5,2,935,249,935,0,187.0,418.1447118,249,0,124.5,176.0695885,1030461.271,6092.254134,191.5,218.6465184,547,5,1149,287.25,399.1744606,861,5,547,547.0,0.0,547,547,0,124,40,4351.610096,1740.644038,0,935,148.0,329.7171948,108713.4286,0,0,1,1,0,0,1,0,169.1428571,187.0,124.5,5,935,2,249,65535,32768,1,20,0.0,0.0,0,0,0.0,0.0,0,0,Benign
1055,6,227,1,1,0,0,0,0,0.0,0.0,0,0,0.0,0.0,0.0,8810.572687,227.0,0.0,227,227,0,0.0,0.0,0,0,0,0.0,0.0,0,0,0,24,20,4405.286344,4405.286344,0,0,0.0,0.0,0.0,0,0,0,1,0,0,0,1,0.0,0.0,0.0,1,0,1,0,1024,0,0,24,0.0,0.0,0,0,0.0,0.0,0,0,Infilteration
53,17,53049,2,2,68,262,34,34,34.0,0.0,131,131,131.0,0.0,6220.6639144942,75.4019868424,17683.0,29221.3608683785,51422,429,52620,52620.0,0.0,52620,52620,1627,1627.0,0.0,1627,1627,0,16,16,37.7009934212,37.7009934212,34,131,72.8,53.129088078,2822.7,0,0,0,0,0,0,0,1,91.0,34.0,131.0,2,68,2,262,-1,-1,1,8,0.0,0.0,0,0,0.0,0.0,0,0,Benign
53418,6,1410,5,2,935,299,935,0,187.0,418.1447118,299,0,149.5,211.4249276,875177.305,4964.539007,235.0,324.704789,845,7,1410,352.5,552.5133483,1170,7,845,845.0,0.0,845,845,0,124,40,3546.099291,1418.439716,0,935,154.25,332.3684487,110468.7857,0,0,1,1,0,0,1,0,176.2857143,187.0,149.5,5,935,2,299,65535,32768,1,20,0.0,0.0,0,0,0.0,0.0,0,0,Benign
80,6,169,2,0,0,0,0,0,0.0,0.0,0,0,0.0,0.0,0.0,11834.3195266272,169.0,0.0,169,169,169,169.0,0.0,169,169,0,0.0,0.0,0,0,0,40,0,11834.3195266272,0.0,0,0,0.0,0.0,0.0,0,0,0,0,1,0,0,0,0.0,0.0,0.0,2,0,0,0,2047,-1,0,20,0.0,0.0,0,0,0.0,0.0,0,0,Brute Force -Web
80,6,282,2,0,0,0,0,0,0.0,0.0,0,0,0.0,0.0,0.0,7092.198582,282.0,0.0,282,282,282,282.0,0.0,282,282,0,0.0,0.0,0,0,0,64,0,7092.198582,0.0,0,0,0.0,0.0,0.0,0,0,0,0,1,0,0,0,0.0,0.0,0.0,2,0,0,0,225,-1,0,32,0.0,0.0,0,0,0.0,0.0,0,0,DoS attacks-Hulk
